{
    "0":{
        "name":"ساعت مچی دیجیتالی مردانه اسکمی مدل 1358 کد 02",
        "firstPic":"pics/1.jpg",
        "secondPic":"pics/2.jpg",
        "usage":"ورزشی , روزمره",
        "gender":"آقایان",
        "glass":"رزین",
        "body":"پلاستیک",
        "band":"پلاستیک",
        "date":"دارد",
        "energy":"باتری",
        "price":"1800000"
    },
    "1":{
        "name":"ساعت مچی عقربه ای کیو اند کیو مدل vr52j002y به همراه دستمال مخصوص برند کلین واچ",
        "firstPic":"pics/3.jpg",
        "secondPic":"pics/4.jpg",
        "usage":"ورزشی , روزمره , رسمی",
        "gender":"آقایان و بانوان",
        "glass":"هاردلکس",
        "body":"پلاستیک",
        "band":"پلاستیک",
        "date":"ندارد",
        "energy":"باتری",
        "price":"1250000"
    },
    "2":{
        "name":"ساعت مچی عقربه ای مردانه کنت کول مدل RK5086300",
        "firstPic":"pics/5.jpg",
        "secondPic":"pics/6.jpg",
        "usage":"روزمره , رسمی , اسپرت , لوکس",
        "gender":"آقایان",
        "glass":"معدنی",
        "body":"استیل",
        "band":"چرم",
        "date":"دارد",
        "energy":"باتری",
        "price":"2100000"
    },
    "3":{
        "name":"ساعت هوشمند آنر مدل MagicWatch 2 46 mm",
        "firstPic":"pics/7.jpg",
        "secondPic":"pics/8.jpg",
        "usage":"ورزشی , رسمی , روزمره",
        "gender":"آقایان و خانم‌ها",
        "glass":"رزین",
        "body":"فلز , سرامیک",
        "band":"سیلیکونی",
        "date":"دارد",
        "energy":"باتری",
        "price":"3675000"
    }
    ,
    "4":{
        "name":"ساعت مچی دیجیتالی مردانه اسکمی مدل 1358 کد 02",
        "firstPic":"pics/1.jpg",
        "secondPic":"pics/2.jpg",
        "usage":"ورزشی , روزمره",
        "gender":"آقایان",
        "glass":"رزین",
        "body":"پلاستیک",
        "band":"پلاستیک",
        "date":"دارد",
        "energy":"باتری",
        "price":"1800000"
    },
    "5":{
        "name":"ساعت مچی عقربه ای کیو اند کیو مدل vr52j002y به همراه دستمال مخصوص برند کلین واچ",
        "firstPic":"pics/3.jpg",
        "secondPic":"pics/4.jpg",
        "usage":"ورزشی , روزمره , رسمی",
        "gender":"آقایان و بانوان",
        "glass":"هاردلکس",
        "body":"پلاستیک",
        "band":"پلاستیک",
        "date":"ندارد",
        "energy":"باتری",
        "price":"1250000"
    },
    "6":{
        "name":"ساعت مچی عقربه ای مردانه کنت کول مدل RK5086300",
        "firstPic":"pics/5.jpg",
        "secondPic":"pics/6.jpg",
        "usage":"روزمره , رسمی , اسپرت , لوکس",
        "gender":"آقایان",
        "glass":"معدنی",
        "body":"استیل",
        "band":"چرم",
        "date":"دارد",
        "energy":"باتری",
        "price":"2100000"
    },
    "7":{
        "name":"ساعت هوشمند آنر مدل MagicWatch 2 46 mm",
        "firstPic":"pics/7.jpg",
        "secondPic":"pics/8.jpg",
        "usage":"ورزشی , رسمی , روزمره",
        "gender":"آقایان و خانم‌ها",
        "glass":"رزین",
        "body":"فلز , سرامیک",
        "band":"سیلیکونی",
        "date":"دارد",
        "energy":"باتری",
        "price":"3675000"
    }
    ,
    "8":{
        "name":"ساعت مچی دیجیتالی مردانه اسکمی مدل 1358 کد 02",
        "firstPic":"pics/1.jpg",
        "secondPic":"pics/2.jpg",
        "usage":"ورزشی , روزمره",
        "gender":"آقایان",
        "glass":"رزین",
        "body":"پلاستیک",
        "band":"پلاستیک",
        "date":"دارد",
        "energy":"باتری",
        "price":"1800000"
    },
    "9":{
        "name":"ساعت مچی عقربه ای کیو اند کیو مدل vr52j002y به همراه دستمال مخصوص برند کلین واچ",
        "firstPic":"pics/3.jpg",
        "secondPic":"pics/4.jpg",
        "usage":"ورزشی , روزمره , رسمی",
        "gender":"آقایان و بانوان",
        "glass":"هاردلکس",
        "body":"پلاستیک",
        "band":"پلاستیک",
        "date":"ندارد",
        "energy":"باتری",
        "price":"1250000"
    },
    "10":{
        "name":"ساعت مچی عقربه ای مردانه کنت کول مدل RK5086300",
        "firstPic":"pics/5.jpg",
        "secondPic":"pics/6.jpg",
        "usage":"روزمره , رسمی , اسپرت , لوکس",
        "gender":"آقایان",
        "glass":"معدنی",
        "body":"استیل",
        "band":"چرم",
        "date":"دارد",
        "energy":"باتری",
        "price":"2100000"
    },
    "11":{
        "name":"ساعت هوشمند آنر مدل MagicWatch 2 46 mm",
        "firstPic":"pics/7.jpg",
        "secondPic":"pics/8.jpg",
        "usage":"ورزشی , رسمی , روزمره",
        "gender":"آقایان و خانم‌ها",
        "glass":"رزین",
        "body":"فلز , سرامیک",
        "band":"سیلیکونی",
        "date":"دارد",
        "energy":"باتری",
        "price":"3675000"
    }
    
}